id,user_id,type,title,description,icon,unlocked_at
16d016ea-e471-442c-8d70-08ce2c81b930,5dfe2abf-2909-426e-8e40-92872a7be7bb,first_quiz,Quiz Rookie,Completed your first quiz,🎯,2025-11-05 12:45:47.856638
2f333f9b-448f-4e1e-929f-5844320b475a,599e2a37-8fa5-41bf-8f98-53912cb1b09f,first_quiz,Quiz Rookie,Completed your first quiz,🎯,2025-11-06 06:10:43.691119
2b1454ee-1058-461e-a9cc-5ac16d147019,8b8ef1ac-90ee-474f-aae2-365b5e6f6e60,first_quiz,Quiz Rookie,Completed your first quiz,🎯,2025-11-06 06:15:59.877727
2f831fef-d3b9-4375-87fc-6def719e56d3,61aa1958-2f4d-4e74-a997-3876b9476362,first_quiz,Quiz Rookie,Completed your first quiz,🎯,2025-11-06 06:18:43.632611
2394abd7-d27f-462c-b701-28434cb47cfd,13f64334-b200-47a3-a85a-4f833920c622,first_quiz,Quiz Rookie,Completed your first quiz,🎯,2025-11-06 06:19:46.310829
cf9a72cd-306f-4c4d-b00d-4ca7ef265d15,2142b8ed-3a28-4a77-bfdf-2b66aafcd926,first_quiz,Quiz Rookie,Completed your first quiz,🎯,2025-11-06 06:19:52.809505
d310bb5f-d4ec-4224-8ee9-7bacc892a4ce,60bd5f33-dc5c-4c4d-9202-ce52bef2d1f2,first_quiz,Quiz Rookie,Completed your first quiz,🎯,2025-11-06 06:20:25.973605
76d836b5-f5dc-483c-9945-4c3273bed7f4,255a22c9-d03b-43d9-906a-f458ba3089eb,first_quiz,Quiz Rookie,Completed your first quiz,🎯,2025-11-06 06:21:23.982108
47b3a9e1-2189-4645-a3ed-8daf9d5c415b,a79afcac-aea6-4bae-9a80-fdb2738f7a44,first_quiz,Quiz Rookie,Completed your first quiz,🎯,2025-11-06 06:21:25.856246
a9b0811d-3c03-4a08-abd8-8bd66b3471cc,402d3dbb-d28b-4728-aaa9-255d43f2c2cd,first_quiz,Quiz Rookie,Completed your first quiz,🎯,2025-11-06 06:22:45.167636
d4ddcc09-790f-444a-a052-e98b789e3783,a79afcac-aea6-4bae-9a80-fdb2738f7a44,points_100,Centurion,Earned 100 XP,💯,2025-11-06 06:25:51.959848
e2da7226-4231-4128-862b-cfef1149e673,69cc647a-77c9-4376-b3bc-f2a160104dec,first_quiz,Quiz Rookie,Completed your first quiz,🎯,2025-11-06 06:26:06.991497
72ddcc49-e8df-47fe-97a7-4b51e51ad76b,924e2bce-af7e-4e7d-9ced-7823c40345f1,first_quiz,Quiz Rookie,Completed your first quiz,🎯,2025-11-06 06:26:10.96077
ddf1264e-1c81-4edb-acfa-c77b1f952086,e6820b4e-a083-4369-9899-9a09a5fd34b7,first_quiz,Quiz Rookie,Completed your first quiz,🎯,2025-11-06 06:27:31.031985
2a029646-e4fc-4307-a94a-a55384fb61f6,ac2dbd58-1e47-4429-9925-827a237fd594,first_quiz,Quiz Rookie,Completed your first quiz,🎯,2025-11-06 06:28:21.002131
2b8b6f9f-ef36-4444-8a28-8db36b889435,328b3f62-7fca-4f57-8aba-ed4ced704635,first_quiz,Quiz Rookie,Completed your first quiz,🎯,2025-11-06 14:25:21.49807
879c1951-b8d2-49d0-b789-31f409a89273,4115d976-9b46-4dc0-bbd2-f8b430a95e65,first_quiz,Quiz Rookie,Completed your first quiz,🎯,2025-11-08 15:53:50.989833
6bf0e341-3692-49c2-afd4-8c32ce48132a,d07e546d-5b76-4037-8fbd-4af978426fee,first_quiz,Quiz Rookie,Completed your first quiz,🎯,2025-11-10 07:39:34.831036
28c7bac5-4300-4761-88c7-412eaa3cfa2f,33a8e3a7-2ac6-4666-9cc1-81dcf655c859,first_quiz,Quiz Rookie,Completed your first quiz,🎯,2025-11-10 07:39:47.363928
68bb7527-c86e-4ac2-b2c7-43253748ee77,8819f08f-399e-492c-a63b-3c7111d09ac3,first_quiz,Quiz Rookie,Completed your first quiz,🎯,2025-11-10 07:40:14.177409
9539c91a-b085-4e4d-bbf1-cba7791e813e,803c6bc1-d405-413c-863f-900f745fe5dc,first_quiz,Quiz Rookie,Completed your first quiz,🎯,2025-11-10 07:43:35.948519
47a69abe-0799-4b27-bd5a-39288b040b66,047a0390-cf51-4e8a-9333-57a234452238,first_quiz,Quiz Rookie,Completed your first quiz,🎯,2025-11-10 07:43:58.692299
308ce620-143d-417f-a1ba-91964d901923,47451ad5-3ccb-4c5d-a8f7-4a3f8b133b8b,first_quiz,Quiz Rookie,Completed your first quiz,🎯,2025-11-10 07:45:53.729598
a07a6ae3-c871-4fc8-95e5-663c17ecc754,d9b86f8b-5eb9-43d6-a4c0-68261eaedf79,first_quiz,Quiz Rookie,Completed your first quiz,🎯,2025-11-10 07:46:28.463389
fef25087-0de9-4a15-96b2-c77bb7e2fdd6,0867083e-bd2c-4295-a484-394b6889cbf2,first_quiz,Quiz Rookie,Completed your first quiz,🎯,2025-11-10 07:47:15.537878
1c2c967e-8cb6-4324-8b93-fef7dadb2735,2a55c263-ffcf-4e49-9ddb-97097a9bb1bb,first_quiz,Quiz Rookie,Completed your first quiz,🎯,2025-11-10 07:49:06.969319
5e5d5712-28c6-4d6c-a3cb-9d8bd4b5537d,1674da2b-054a-4620-b639-b3014fddbd89,first_quiz,Quiz Rookie,Completed your first quiz,🎯,2025-11-10 07:49:22.161772
23fb42b0-0b27-4005-87a2-f204be58dea4,f99ffedd-e83f-4ae6-bd54-d1be16325a58,first_quiz,Quiz Rookie,Completed your first quiz,🎯,2025-11-10 07:50:27.369488
7e0d6264-b073-4bdd-aea4-34d0f88ed6e6,c86d5cd4-b67a-413b-a3f9-0c0dc605992d,first_quiz,Quiz Rookie,Completed your first quiz,🎯,2025-11-10 07:52:24.903355
4fb71a84-7183-4f2d-b70c-49e844f33adb,47451ad5-3ccb-4c5d-a8f7-4a3f8b133b8b,points_100,Centurion,Earned 100 XP,💯,2025-11-10 07:54:32.520242
0ead8b70-a800-4d70-b87b-72a4a5e9b3b8,c1ec787d-38b9-43e7-92fa-717902cd68f0,first_quiz,Quiz Rookie,Completed your first quiz,🎯,2025-11-10 10:32:52.91386
25152982-41a1-4e1d-91e4-ed2b69a7c0d2,c6991598-421a-4185-8c34-061f5252824e,first_quiz,Quiz Rookie,Completed your first quiz,🎯,2025-11-10 10:33:50.010756
941d56ef-3245-4b19-a23a-203285893165,a3f861c1-835c-48a2-bb62-423cebf081a7,first_quiz,Quiz Rookie,Completed your first quiz,🎯,2025-11-10 10:35:21.114068
1012cad3-95da-4a4d-b840-a002e2f26977,0d1b2b53-9f3c-4ff9-adde-97a6f8d058c6,first_quiz,Quiz Rookie,Completed your first quiz,🎯,2025-11-10 10:36:18.921361
4ac88ab3-7726-41c6-9623-b27cd35691e0,05903f07-aff8-4075-b4f4-d76422f33b3b,first_quiz,Quiz Rookie,Completed your first quiz,🎯,2025-11-10 10:37:14.063008
a56e6df4-9f41-423f-b56d-14dd0f82fe45,00ae670a-9bc3-45d5-80b5-a21ca24ca68d,first_quiz,Quiz Rookie,Completed your first quiz,🎯,2025-11-10 10:39:47.38415
948483d2-f173-4841-aec6-48a0137ae7de,0d02103f-ac59-4e60-816d-31043b43851f,first_quiz,Quiz Rookie,Completed your first quiz,🎯,2025-11-10 10:47:50.104175
919a360c-2602-4936-8104-6ae0709541c6,2a0d8f96-4f89-4d95-b9c0-b41def6f2a69,first_quiz,Quiz Rookie,Completed your first quiz,🎯,2025-11-10 10:48:24.465083
40fb3c1d-7c4b-4a55-8d93-a3a418bf5f88,5cc002fe-fac1-4d15-9a1e-474da492c43a,first_quiz,Quiz Rookie,Completed your first quiz,🎯,2025-11-10 13:40:08.744459
60eb4aa3-0ef1-4e9b-98d1-9d62e29e5c99,4b3c6d3c-fd6a-4843-9b11-b462ee416148,first_quiz,Quiz Rookie,Completed your first quiz,🎯,2025-11-10 17:31:49.582158
55093dec-f22b-4967-878a-c906f97aa1f0,b39e47ff-5745-470a-a06b-7138adc6e423,first_quiz,Quiz Rookie,Completed your first quiz,🎯,2025-11-10 18:28:47.701665
9afd72b8-6af7-4874-9353-f655fdd4131e,f51cfb5f-3073-458d-a3b5-5e97b5f3de80,first_quiz,Quiz Rookie,Completed your first quiz,🎯,2025-11-11 06:00:34.16576
4efdf710-3c39-4101-bd63-f0717df77f90,8819f08f-399e-492c-a63b-3c7111d09ac3,points_100,Centurion,Earned 100 XP,💯,2025-11-11 15:53:33.550815
e82b5b8d-3dec-4195-9fac-9bb674a6ee02,047a0390-cf51-4e8a-9333-57a234452238,points_100,Centurion,Earned 100 XP,💯,2025-11-11 17:51:00.718616
7a24872e-7d4d-4747-82a5-9352948135ff,f7c2132c-4fb3-44ca-be0f-dc2b322f601b,first_quiz,Quiz Rookie,Completed your first quiz,🎯,2025-11-12 07:24:40.670099
d7ac2a90-574f-4795-aa9f-d2d89811c524,f7947bdc-a4cf-47e6-a66e-bd07b51189ee,first_quiz,Quiz Rookie,Completed your first quiz,🎯,2025-11-12 07:25:53.748354
44119fee-1465-4bf1-866e-1eb4663c9db1,b0bd11ca-6cfd-451a-bfc2-d8eb207921f4,first_quiz,Quiz Rookie,Completed your first quiz,🎯,2025-11-12 07:26:37.448341
752c8358-85bc-41d9-8c4c-a8994049c7c5,3d658f72-72de-4207-a499-f775b41ed19f,first_quiz,Quiz Rookie,Completed your first quiz,🎯,2025-11-12 07:27:03.095506
ae2cb9c0-300d-445b-a3ee-733c96cc7894,6ce9a895-7e62-4393-b1b8-947b4bc70bb6,first_quiz,Quiz Rookie,Completed your first quiz,🎯,2025-11-13 10:09:34.496829
10a3cd90-dee6-4c36-8915-55a2e9ee4dc7,ab846143-07cd-433a-8f3b-559056fc4608,first_quiz,Quiz Rookie,Completed your first quiz,🎯,2025-11-13 15:13:13.303487
7b1e5abb-d43f-40f1-ac07-bb6b64b17e8e,ab846143-07cd-433a-8f3b-559056fc4608,points_100,Centurion,Earned 100 XP,💯,2025-11-13 15:26:28.101674
cf27178c-0e6d-49fe-80fe-c2d7515f50f5,eb0479dc-9509-4cc1-9cd8-b456c7bb7f28,first_quiz,Quiz Rookie,Completed your first quiz,🎯,2025-11-13 17:34:59.276163
3ec2c0ae-44c3-4752-9e6f-54d9b4a66fef,7c5357b1-2f16-4805-9ad0-33791be658f6,first_quiz,Quiz Rookie,Completed your first quiz,🎯,2025-11-14 05:47:06.012379
32cd126f-8544-43d9-9eae-82f95d9d2dc8,192d9737-8017-48ec-abf3-ff823bad0d7f,first_quiz,Quiz Rookie,Completed your first quiz,🎯,2025-11-14 05:54:41.157867
0da52637-c9c7-4f61-93b8-20a02fb54553,705dbd2a-65f0-4e6a-a840-e5287e6edb30,first_quiz,Quiz Rookie,Completed your first quiz,🎯,2025-11-14 05:55:08.751498
545a4819-af3c-4a92-ab9b-217744ded401,7c5357b1-2f16-4805-9ad0-33791be658f6,points_100,Centurion,Earned 100 XP,💯,2025-11-14 13:55:55.21443
4dd87d71-edad-4f47-936e-744ea5dad3a7,3b6c8b80-0d2d-4c8a-8baf-8b86f8938da1,first_quiz,Quiz Rookie,Completed your first quiz,🎯,2025-11-14 14:50:52.539927
e7eb5173-489a-47f1-af7b-718ad8638ee3,9024006e-67b6-4dd8-ae1b-0e664f64c780,first_quiz,Quiz Rookie,Completed your first quiz,🎯,2025-11-14 15:14:20.301229
5c796a40-d4d8-4eb1-bcc5-f54ac04d1e09,a750dd2e-44fa-42f8-bc01-6dcd57cfce42,first_quiz,Quiz Rookie,Completed your first quiz,🎯,2025-11-14 15:20:22.8748
178f005e-6056-4eac-8f5a-915098226a45,a750dd2e-44fa-42f8-bc01-6dcd57cfce42,points_100,Centurion,Earned 100 XP,💯,2025-11-14 15:44:23.309884
6b79b076-5518-4ebd-bbac-b8a795caf4d9,bdb0cdef-4fc7-42ee-bf94-4af2d8d6d124,first_quiz,Quiz Rookie,Completed your first quiz,🎯,2025-11-14 15:48:58.854423
a1fe5a3b-e18e-4760-9d93-5934dbacc142,5bc34fa2-61ce-4d62-9340-f2ff7985216b,first_quiz,Quiz Rookie,Completed your first quiz,🎯,2025-11-15 04:56:42.424094
a07c1e6d-1439-4ed2-8ae7-8ab6205f97d8,0ea7cc83-2df0-4305-9d2b-f2ed029ae064,first_quiz,Quiz Rookie,Completed your first quiz,🎯,2025-11-15 05:29:27.715664
bf80cbeb-4bd2-4002-83e0-9c6fec807b7f,5f02535e-668b-49d8-a638-19cf89db155f,first_quiz,Quiz Rookie,Completed your first quiz,🎯,2025-11-15 05:30:47.804227
1b09c2bd-8170-4751-80ea-b06ad3e930f8,192d9737-8017-48ec-abf3-ff823bad0d7f,points_100,Centurion,Earned 100 XP,💯,2025-11-15 06:06:09.103567
81ea400d-0c0d-4663-88f7-768e94af6c9f,5124dde0-a185-457c-aea0-6278d0117844,first_quiz,Quiz Rookie,Completed your first quiz,🎯,2025-12-09 19:36:08.825588
f3f00451-5e0d-42f1-999b-8e591f025307,2142b8ed-3a28-4a77-bfdf-2b66aafcd926,points_100,Centurion,Earned 100 XP,💯,2025-12-10 07:46:28.2451
cea05de6-4a31-41af-ba12-72a0886bb7df,6848500b-370e-4268-a69d-8fe1803dc0f8,first_quiz,Quiz Rookie,Completed your first quiz,🎯,2025-12-21 00:59:39.613762
cbf96836-bc3f-41c1-862f-ae4a30df173f,92772ca5-4b2b-40df-af53-9fc98191b3ca,first_quiz,Quiz Rookie,Completed your first quiz,🎯,2026-01-15 14:28:12.7625
a7e0c4eb-43c8-4da3-906c-7a9ac03684f3,92772ca5-4b2b-40df-af53-9fc98191b3ca,points_100,Centurion,Earned 100 XP,💯,2026-01-15 14:32:05.534917
ecfe6eff-16e1-4a2f-bc63-21d9d827aa3b,0c7bc8fe-ee73-4009-84d9-0eaf8b8af2ff,first_quiz,Quiz Rookie,Completed your first quiz,🎯,2026-01-20 15:00:59.064619
abecde0c-7c85-44c2-ba4e-fc4ace23ad32,115c62f9-c80a-456c-881a-915097b289ab,first_quiz,Quiz Rookie,Completed your first quiz,🎯,2026-01-26 13:34:25.147893
27570ed1-4cd4-4724-80d5-9102fef3a74a,e43866cd-4d5d-400a-81ee-69fff884ea8a,first_quiz,Quiz Rookie,Completed your first quiz,🎯,2026-01-26 13:48:05.283416
1e46f666-5031-4e7d-ba64-fe3917ed81ff,1620ab83-f2cd-4cef-9669-a032d1d3314f,first_quiz,Quiz Rookie,Completed your first quiz,🎯,2026-02-03 05:40:43.570534
1eef166a-9bb6-4d36-8665-59c08dd2c2b3,4961ee9c-3263-43b3-a734-abdc2cc8ca2e,first_quiz,Quiz Rookie,Completed your first quiz,🎯,2026-02-03 07:47:27.562685
992c676f-3314-4f21-9796-a9f95951ebcb,7e8264ae-ef01-4386-8fd8-95dc8fbb28e5,first_quiz,Quiz Rookie,Completed your first quiz,🎯,2026-02-03 07:49:26.325292
395e25ec-5bd9-4f11-97dd-b6bb8e1c88be,a243f241-0bc9-4ac1-84d9-1eb6b9c40943,first_quiz,Quiz Rookie,Completed your first quiz,🎯,2026-02-03 07:49:29.745828
6b80aaef-0e3d-4265-b4c2-70c0ce45171d,ccda7dad-d9b6-49a6-940c-f590944ad9a7,first_quiz,Quiz Rookie,Completed your first quiz,🎯,2026-02-03 07:50:38.105428
2d1568c3-27c2-4b5e-b9cc-853c5ace08b0,9e86bcc0-ec8b-43d4-8b57-0f8268475110,first_quiz,Quiz Rookie,Completed your first quiz,🎯,2026-02-03 09:46:35.105242
6f8624c9-c1cc-456e-bc92-736c6bcafee6,9e86bcc0-ec8b-43d4-8b57-0f8268475110,points_100,Centurion,Earned 100 XP,💯,2026-02-03 09:57:40.870468
c6d49931-9ee3-4353-a8de-f504bb7a7c7b,258764d5-9b9c-4159-b109-a245f042ad13,first_quiz,Quiz Rookie,Completed your first quiz,🎯,2026-02-03 17:11:36.029961
2d1720e0-ef37-4569-bebd-6e9fb6b2a6d8,bc51b33c-2d25-4884-b39b-b25e8a12cf31,first_quiz,Quiz Rookie,Completed your first quiz,🎯,2026-02-03 20:16:01.531879
d8534295-0138-4e0e-b63a-d872aaf43d9c,3566b1de-3607-4759-aa95-75efdf6b52c5,first_quiz,Quiz Rookie,Completed your first quiz,🎯,2026-02-06 11:08:36.451508
de267f6d-9d89-4ea6-8f03-36baac107539,7c09660a-f7d3-47dc-9c9f-ae65a239b57a,first_quiz,Quiz Rookie,Completed your first quiz,🎯,2026-02-06 11:12:41.324846
95538226-794f-4d3f-b4e7-eeff17a43b74,578fe8af-8576-422c-b2de-4ea3d55d5294,first_quiz,Quiz Rookie,Completed your first quiz,🎯,2026-02-06 11:12:46.702295
12e1e30a-58ff-4eec-ad5d-09aa75fff544,bc5894e7-b809-4057-9e30-cc0322b62334,first_quiz,Quiz Rookie,Completed your first quiz,🎯,2026-02-06 11:41:40.018412
fbe60ba1-d646-48cb-8777-80fb9a0dfeaa,97b2f3da-267a-42e7-a13e-a5f7660376cd,first_quiz,Quiz Rookie,Completed your first quiz,🎯,2026-02-06 14:52:58.820165
95247828-c319-4aab-901e-05b9b779a04b,4fac5831-4d3e-492c-a3fb-bc9f59bb6f94,first_quiz,Quiz Rookie,Completed your first quiz,🎯,2026-02-08 05:27:07.281571
cdf3b2a0-1b08-42cb-b077-693bd04f690c,e1e541bd-59ab-4a5d-a00f-a0599b1be97d,first_quiz,Quiz Rookie,Completed your first quiz,🎯,2026-02-08 08:00:40.958495
baeb1ad4-31b5-4c9a-88a1-ae62940b6682,c6991598-421a-4185-8c34-061f5252824e,points_100,Centurion,Earned 100 XP,💯,2026-02-08 10:46:07.128301
b9a23824-bf9b-4609-b289-e12eb2ecea5f,69257e0f-68d8-4fec-8991-75829ca320c0,first_quiz,Quiz Rookie,Completed your first quiz,🎯,2026-02-08 15:33:09.891315
0010eb41-a8e4-4201-9259-0bb21728ed7b,69257e0f-68d8-4fec-8991-75829ca320c0,points_100,Centurion,Earned 100 XP,💯,2026-02-08 16:23:51.887238
6cc82ff3-e7dc-4455-a505-ef725f44238f,9b6febd7-a114-402e-8eb0-b9c76b21900b,first_quiz,Quiz Rookie,Completed your first quiz,🎯,2026-02-08 18:29:09.373256
60569612-3ef5-4ed7-8a4d-31f5ff20e722,1194fc07-997a-42cd-ba4a-ce5bc3ea7ccc,first_quiz,Quiz Rookie,Completed your first quiz,🎯,2026-02-09 15:29:44.600895
572d51ab-db13-4085-b7d0-a4baa908b693,5bc34fa2-61ce-4d62-9340-f2ff7985216b,points_100,Centurion,Earned 100 XP,💯,2026-02-09 15:36:57.377434
5478404f-3626-4f8d-8262-d50749b3fc93,b88315bc-b21a-4843-94ef-3d596f111814,first_quiz,Quiz Rookie,Completed your first quiz,🎯,2026-02-09 15:49:37.314026
cbdf25f5-67f5-4a86-9e6e-46af810df3b3,35808bd3-6ed2-4d5b-8a6a-5dc2ad9824b9,first_quiz,Quiz Rookie,Completed your first quiz,🎯,2026-02-09 15:56:21.820197
b6d228be-c557-4f62-bffe-34b9179c3f57,35808bd3-6ed2-4d5b-8a6a-5dc2ad9824b9,points_100,Centurion,Earned 100 XP,💯,2026-02-09 16:00:37.498908
7e603eb2-7d82-4b26-8c3c-5c944b78a97c,a1976679-96f1-4fd5-99ae-86f7e09fbc52,first_quiz,Quiz Rookie,Completed your first quiz,🎯,2026-02-09 17:17:51.315311
308ef018-8513-439f-9722-92c64b68e220,1194fc07-997a-42cd-ba4a-ce5bc3ea7ccc,points_100,Centurion,Earned 100 XP,💯,2026-02-09 18:42:06.80429
e289ef92-ea94-4136-8281-da203745b0d9,ac2c39a1-139b-4776-b6e9-c6f02f05bdd5,first_quiz,Quiz Rookie,Completed your first quiz,🎯,2026-02-10 14:14:28.257541
318aeba3-658a-4638-b9fb-ed2bb2b89279,258764d5-9b9c-4159-b109-a245f042ad13,points_100,Centurion,Earned 100 XP,💯,2026-02-10 18:35:33.722608
3e0ba82c-59e1-48d5-911f-eb4a63d174f7,92772ca5-4b2b-40df-af53-9fc98191b3ca,points_500,XP Master,Earned 500 XP,⭐,2026-02-11 17:32:07.787249
e02039f3-441e-4cab-90d5-7ae8207beaf3,c49bc2c0-a181-47f4-b27e-de620f591748,first_quiz,Quiz Rookie,Completed your first quiz,🎯,2026-02-11 17:37:51.772791
a953edeb-d2ee-40d9-b9fe-9f44470e2350,0a954735-5aa9-4a4e-8660-832b568156a3,first_quiz,Quiz Rookie,Completed your first quiz,🎯,2026-03-03 16:59:10.097339
3e586c90-281b-43ab-8887-8de895482cf6,fb202835-8d89-481d-bd02-4376f89bedff,first_quiz,Quiz Rookie,Completed your first quiz,🎯,2026-03-05 09:29:12.634627
685d5fea-92a2-4060-8b23-9385b122e438,6e3f17a8-c6a6-4244-bac4-1687c820a140,first_quiz,Quiz Rookie,Completed your first quiz,🎯,2026-03-05 09:32:34.410353
8bd196d9-7fdc-4f46-8276-a85f2153b3b5,1d8989db-4bde-4cc9-aa08-f4f996ec2c23,first_quiz,Quiz Rookie,Completed your first quiz,🎯,2026-03-05 09:33:08.352478
3927f005-289f-494c-9d1b-822876ea8582,398ec56a-3f60-4a02-aaf8-dfccf0760ded,first_quiz,Quiz Rookie,Completed your first quiz,🎯,2026-03-05 09:36:56.995298
dcc0b922-e7e8-4507-a26d-9203263879a8,2d3b9109-7c7d-4042-99ed-b2734a682dd4,first_quiz,Quiz Rookie,Completed your first quiz,🎯,2026-03-05 09:38:20.477598
b46f683b-a8c2-4c0b-9216-e9096381471b,f88fcb05-8321-433d-8068-5bde317fad1c,first_quiz,Quiz Rookie,Completed your first quiz,🎯,2026-03-05 09:39:12.195431
37eb7c3e-1ad5-40b3-bea4-23cc3d998574,d7b5f9b3-4892-4549-9b8b-ea87b495889d,first_quiz,Quiz Rookie,Completed your first quiz,🎯,2026-03-05 09:39:34.42735
3110941c-019a-46a9-b64f-14ce7ecc42ba,6de7c3e9-3d33-4c44-b889-febd0f8f58e3,first_quiz,Quiz Rookie,Completed your first quiz,🎯,2026-03-05 09:41:36.798069
8bc9ae66-313e-473c-ae90-52db8e12ef84,a457ad32-0855-4806-9db5-6beb17121662,first_quiz,Quiz Rookie,Completed your first quiz,🎯,2026-03-05 09:42:19.7514
3f53e6d2-db57-4419-92ba-69eae417fa7a,6d4fec84-a568-4114-b932-66fee4d15d30,first_quiz,Quiz Rookie,Completed your first quiz,🎯,2026-03-05 18:10:10.061561
b545eed4-0658-4396-8fa8-425ca32acecb,c46c2c13-34b3-4129-9003-a7648bc1d93b,first_quiz,Quiz Rookie,Completed your first quiz,🎯,2026-03-09 14:43:11.360251
4a52527b-3a04-4ea3-818c-7befee0316c8,e8952aad-5d28-4710-9ae9-a9db9b8bf3fc,first_quiz,Quiz Rookie,Completed your first quiz,🎯,2026-03-10 09:43:03.863612
33921358-789e-4b83-9faa-d81307ccddd2,526acea4-9ff2-46a5-bd6e-5166eb8dff71,first_quiz,Quiz Rookie,Completed your first quiz,🎯,2026-03-10 09:43:37.016845
03470048-81de-46cd-809e-53db3d74d95b,c30dbbf4-edd4-460f-9a7f-38e4fd0274df,first_quiz,Quiz Rookie,Completed your first quiz,🎯,2026-03-10 09:45:27.096778
12b2dedc-e294-4391-b483-b19798ae7c01,1f265e22-f44c-409c-9ee1-e3f7d5fee365,first_quiz,Quiz Rookie,Completed your first quiz,🎯,2026-03-10 09:45:45.762015
1e8f204a-ccce-414e-823a-3f9eae4fbc71,7e698902-e727-495c-b871-e96032432b2a,first_quiz,Quiz Rookie,Completed your first quiz,🎯,2026-03-10 09:46:43.517334
f6023f73-15c9-4b75-8a9c-60b9083163d7,a4b6eec4-2bab-4d1c-987c-d4efa4df9a71,first_quiz,Quiz Rookie,Completed your first quiz,🎯,2026-03-10 09:48:43.733608
2bb9fac2-14e2-403d-8511-11a9d914bb48,a778467f-8a32-41c8-b715-ffba16a6a303,first_quiz,Quiz Rookie,Completed your first quiz,🎯,2026-03-10 09:48:57.046011
f9847ad0-a2d4-4ba9-a188-8fdea427b584,b7e3fc9d-4421-4cb7-a39f-36231b279fd7,first_quiz,Quiz Rookie,Completed your first quiz,🎯,2026-03-10 09:49:50.788813
1a3b02d4-d935-49b8-92a0-b8cfd762d7c1,7564f2ce-9594-4389-86e8-4578b09a780c,first_quiz,Quiz Rookie,Completed your first quiz,🎯,2026-03-10 09:53:32.521413
fa46fe06-1786-4798-8a49-e437ebef4d9c,0d2b9160-ad5a-499c-a0dd-12eb95f50df6,first_quiz,Quiz Rookie,Completed your first quiz,🎯,2026-03-10 09:57:10.42656
f9230ac1-ab68-456a-9221-c0aaacb43cf3,48a21df0-d2d1-4f18-a024-1b6b505571d2,first_quiz,Quiz Rookie,Completed your first quiz,🎯,2026-03-10 09:58:11.51592
ce87dca2-584f-4e9a-ac5d-7e3ea85394d5,fac4ba22-93f5-4d0f-8a22-4dd473cd2fb2,first_quiz,Quiz Rookie,Completed your first quiz,🎯,2026-03-10 10:01:53.143757
0be7702a-2010-423d-a682-bdc465d310e0,48a21df0-d2d1-4f18-a024-1b6b505571d2,points_100,Centurion,Earned 100 XP,💯,2026-03-10 10:07:24.824778
2dd0c927-f3e0-48a2-9219-b128c13e6948,e9d4beb8-8228-4b06-8373-87018dd4f04a,first_quiz,Quiz Rookie,Completed your first quiz,🎯,2026-03-10 10:09:25.164226
159f9a02-e9f0-4896-8bed-dcf904447d51,a4b6eec4-2bab-4d1c-987c-d4efa4df9a71,points_100,Centurion,Earned 100 XP,💯,2026-03-10 10:13:59.087683
c6a37921-4bb8-460e-96b1-343f2bf17734,bbd695cb-171e-4257-9d95-5ba89d719f3d,first_quiz,Quiz Rookie,Completed your first quiz,🎯,2026-03-10 10:14:30.120205
749c4b04-0abc-4ad8-a9e3-91e04fb9d7fd,958b7f25-10e6-4b7e-a63f-1d9b15bd98d6,first_quiz,Quiz Rookie,Completed your first quiz,🎯,2026-03-10 10:19:04.997831
4834ddd1-c9a6-4c59-8c59-faf36b46c8a7,7e698902-e727-495c-b871-e96032432b2a,points_100,Centurion,Earned 100 XP,💯,2026-03-10 10:22:08.842485
d4e6a502-195a-4a09-a814-223006bc52e4,097c34ff-70f5-49de-81bd-048020a540b4,first_quiz,Quiz Rookie,Completed your first quiz,🎯,2026-03-10 10:22:32.172527
2b6f4198-780b-4d1e-976e-1806179663e2,7564f2ce-9594-4389-86e8-4578b09a780c,points_100,Centurion,Earned 100 XP,💯,2026-03-10 10:23:36.013411
67179937-f7f5-41cc-90dc-7220506d7bd7,b7e3fc9d-4421-4cb7-a39f-36231b279fd7,points_100,Centurion,Earned 100 XP,💯,2026-03-10 10:24:45.942674
12bf68fb-77b3-4fd5-a9dc-290882e3861a,c30dbbf4-edd4-460f-9a7f-38e4fd0274df,points_100,Centurion,Earned 100 XP,💯,2026-03-10 10:35:51.960099
dd919901-f990-4221-8e7e-0e09fbfc4b0b,60f1f153-17f4-4ee3-9eeb-a72475e72ac5,first_quiz,Quiz Rookie,Completed your first quiz,🎯,2026-03-10 12:03:55.114408
5efdec6f-d13a-4a12-8202-2e1fed4ddd20,d45e3643-b17d-4a4d-b277-854db7157157,first_quiz,Quiz Rookie,Completed your first quiz,🎯,2026-03-10 12:30:47.780687
a659f5d2-eb86-454d-96ba-8d4117ab3c65,b4f1740c-cd87-4d31-89b5-777bd9c5f682,first_quiz,Quiz Rookie,Completed your first quiz,🎯,2026-03-10 13:04:00.631422
fe9eb06a-09f8-4bac-8157-f583b66fa296,7fad3515-b33c-46ad-aee2-e289b60c7a04,first_quiz,Quiz Rookie,Completed your first quiz,🎯,2026-03-10 17:02:54.892598
8328546f-1d2b-4e95-8c8f-e615bc0250a3,ac5d32db-8d48-40b1-b0a4-2dfb13dc34dd,first_quiz,Quiz Rookie,Completed your first quiz,🎯,2026-03-10 17:27:43.896174
77425987-4327-4f05-888e-ce3b6484b832,ac5d32db-8d48-40b1-b0a4-2dfb13dc34dd,points_100,Centurion,Earned 100 XP,💯,2026-03-10 18:38:48.496199
19d8ed02-7476-4470-9c47-a7d532774875,8819f08f-399e-492c-a63b-3c7111d09ac3,points_500,XP Master,Earned 500 XP,⭐,2026-03-11 07:36:37.21339
488e7c0c-802e-43d0-b411-513b37e4ad89,506b5d20-bba0-40cf-ac19-0c9a2c953cac,first_quiz,Quiz Rookie,Completed your first quiz,🎯,2026-03-11 07:37:45.28662
69dbac65-e41e-4636-b021-d646cabc6676,b65eb3ee-27fd-4f5a-9a43-bea38530b769,first_quiz,Quiz Rookie,Completed your first quiz,🎯,2026-03-11 07:38:14.430036
05bb1c6f-99ea-4659-a5e1-675b56f5a901,2a31abfc-d994-4da0-9bb7-ad35d3757a94,first_quiz,Quiz Rookie,Completed your first quiz,🎯,2026-03-11 07:38:50.891277
a1772ccd-aa5a-4061-8fa6-588ef6fd67f2,6e9708f5-9912-4734-b267-d41ec837a114,first_quiz,Quiz Rookie,Completed your first quiz,🎯,2026-03-11 07:40:06.92801
8dff720a-7847-465f-be75-f410bd259364,ad2ea596-c9b7-413c-ab8e-ca76d9bf02f5,first_quiz,Quiz Rookie,Completed your first quiz,🎯,2026-03-11 07:40:46.336678
311427b4-d02e-4bd3-9c53-48deb0c4f9cb,31df0303-6dd0-4103-aeff-4901c7942ae8,first_quiz,Quiz Rookie,Completed your first quiz,🎯,2026-03-11 07:41:23.025476
a63ad131-dbff-4e47-8e34-1314446a1251,e92ee040-8849-4f8d-82f5-4682d2f495fa,first_quiz,Quiz Rookie,Completed your first quiz,🎯,2026-03-11 07:44:10.85399
c49d639d-b3e3-488e-9308-597b40f7b1a5,5e571138-9732-4370-b525-7b1b634ff829,first_quiz,Quiz Rookie,Completed your first quiz,🎯,2026-03-11 07:47:21.308932
10b00086-cb2b-4f97-9500-63cb0d159bf6,412d115b-7d6b-4417-be2a-12b8de03a8e3,first_quiz,Quiz Rookie,Completed your first quiz,🎯,2026-03-11 07:51:29.762524
00b01a22-0648-4763-900a-c9165cbc9925,db4e04a8-eb24-4ce3-b6d2-4295803a70c3,first_quiz,Quiz Rookie,Completed your first quiz,🎯,2026-03-11 08:07:13.31489
341e1de8-5c5f-4527-b708-86bcf37ad950,74d0d3ca-7e39-442f-b93d-e5b2f31efa5c,first_quiz,Quiz Rookie,Completed your first quiz,🎯,2026-03-11 08:10:59.919217
e662294b-6e91-44f7-ae45-2b25fbc7bcfc,ec78ccb2-2e47-4c1c-8e73-2fb53315bbca,first_quiz,Quiz Rookie,Completed your first quiz,🎯,2026-03-11 14:28:21.003254
75745277-9b13-485a-9757-7010dddcf5a5,fac4ba22-93f5-4d0f-8a22-4dd473cd2fb2,points_100,Centurion,Earned 100 XP,💯,2026-03-11 16:59:37.081762
7ea7e56e-d50d-4424-ba43-9a56bd5d1e69,ccc51f5c-76c6-40ab-9904-58b03079c40f,first_quiz,Quiz Rookie,Completed your first quiz,🎯,2026-03-11 18:26:50.951477
87ac76a5-bdaa-4dd5-820b-8325494a14c6,74d0d3ca-7e39-442f-b93d-e5b2f31efa5c,points_100,Centurion,Earned 100 XP,💯,2026-03-11 19:50:21.050575
91a8c945-938b-4716-a000-41f3b118d99c,4b160cdd-dc54-479d-8dac-5e1946c809e8,first_quiz,Quiz Rookie,Completed your first quiz,🎯,2026-03-11 20:51:51.581255
cd28655f-cd6a-40b7-99fc-8ed837446b47,c5dbb6af-ef53-4e78-a46c-8a51795e1919,first_quiz,Quiz Rookie,Completed your first quiz,🎯,2026-03-12 06:14:20.271561
06c18a3b-468f-4513-912f-00c9d4471074,b4866212-d5df-44d7-b87d-5fd71053ecc3,first_quiz,Quiz Rookie,Completed your first quiz,🎯,2026-03-12 06:24:11.399792
58c2ede7-fccf-4dcf-b162-507b3504847c,fe9183d2-ea8e-4008-9480-526b8272da0a,first_quiz,Quiz Rookie,Completed your first quiz,🎯,2026-03-12 06:24:59.414477
60c10702-cde6-4a5e-84af-adc8227f89c8,a5a7bba2-d129-4f0a-8cc4-8113b54791ae,first_quiz,Quiz Rookie,Completed your first quiz,🎯,2026-03-12 06:25:16.279641
9a691ee1-37bb-4313-af4d-a62f9d7119df,da517ea7-f1a0-45d3-8b04-be878264735b,first_quiz,Quiz Rookie,Completed your first quiz,🎯,2026-03-12 06:26:15.283947
e36218de-6da5-450a-baaa-c390ca1d9ce8,130a4c5a-7728-4630-9608-d1704477d69a,first_quiz,Quiz Rookie,Completed your first quiz,🎯,2026-03-12 06:27:32.788192
43c8375f-4271-453f-940b-a8253253b192,658f7801-9c93-40ea-82bc-d8d85bffed8f,first_quiz,Quiz Rookie,Completed your first quiz,🎯,2026-03-12 07:07:48.630284
da30bf22-6d69-4d6d-97af-68cde6170f98,c5dbb6af-ef53-4e78-a46c-8a51795e1919,points_100,Centurion,Earned 100 XP,💯,2026-03-12 07:10:33.95737
8ff31a6f-82ca-4f9b-8831-f389806c18c7,e1e541bd-59ab-4a5d-a00f-a0599b1be97d,points_100,Centurion,Earned 100 XP,💯,2026-03-12 07:12:48.557783
4c0db728-7a3e-4c26-8429-50d26214ec3b,3388a1e4-88f6-476c-9ed6-bd2d147662f5,first_quiz,Quiz Rookie,Completed your first quiz,🎯,2026-03-12 07:19:02.702636
8af60099-0a32-41c4-acbc-43ee252bad9e,658f7801-9c93-40ea-82bc-d8d85bffed8f,points_100,Centurion,Earned 100 XP,💯,2026-03-12 07:21:42.532052
c5cfd68f-019f-4cdf-b646-053daa7da510,17c8f523-8c2e-46bb-9690-fb423ca385e5,first_quiz,Quiz Rookie,Completed your first quiz,🎯,2026-03-12 07:25:34.118194
9ad32cf4-8beb-4e13-86dc-c5a19796099c,0c2e1e22-492a-464f-9cb8-ce197c7293d8,first_quiz,Quiz Rookie,Completed your first quiz,🎯,2026-03-12 07:25:44.505549
63bf8c02-7287-4aa5-adc9-18b7b9618b44,31051279-2537-4ec3-8bb4-dabc93dca17f,first_quiz,Quiz Rookie,Completed your first quiz,🎯,2026-03-12 07:26:27.634282
5d497078-342a-4b0c-a169-636ed0276aa9,93aaba46-092f-4144-b0fa-96c6af5ae594,first_quiz,Quiz Rookie,Completed your first quiz,🎯,2026-03-12 19:36:42.267569
b620e18b-292c-430a-80eb-2cb4b2b0be46,4926bfb3-3e42-4c38-a537-2ee4c82b80ae,first_quiz,Quiz Rookie,Completed your first quiz,🎯,2026-03-13 05:41:53.393635
461b8284-e6ab-41c5-b2a2-eae9212b0b4a,25fa2206-75fb-45a0-bff0-9d814ef1f64e,first_quiz,Quiz Rookie,Completed your first quiz,🎯,2026-03-13 05:42:50.381303
6d296960-34d6-4f3d-933c-8d095a1ded3d,4a150ee2-97c1-4846-a815-136c0200b62a,first_quiz,Quiz Rookie,Completed your first quiz,🎯,2026-03-13 05:44:32.828697
abadee20-8734-4c11-bb7e-6a47874c904b,25fa2206-75fb-45a0-bff0-9d814ef1f64e,points_100,Centurion,Earned 100 XP,💯,2026-03-13 05:50:07.765815
02b24425-5758-4d3f-bc01-81724793bc24,af57336e-bc73-42f3-8722-5710e933513e,first_quiz,Quiz Rookie,Completed your first quiz,🎯,2026-03-14 07:40:57.104268
81cd8a53-1503-41a0-b0ce-df78ba7ce155,70dfaa3a-aca7-4c13-9d84-8bdf076f012b,first_quiz,Quiz Rookie,Completed your first quiz,🎯,2026-03-14 07:46:20.914132
0bea0bfb-2e6b-47e4-8641-405d835f82c1,ab81d198-7d0b-40d7-aad9-bf2da113c33f,first_quiz,Quiz Rookie,Completed your first quiz,🎯,2026-03-14 09:09:41.797481
c63ec98f-541d-48f9-9ab8-e09591796d37,d4ca7169-098e-4f3f-b6f9-1f90e9c5a732,first_quiz,Quiz Rookie,Completed your first quiz,🎯,2026-03-14 10:43:02.790975
4a44b7bb-8c86-4bd7-b613-c79c622fbaa2,2a31abfc-d994-4da0-9bb7-ad35d3757a94,streak_3,On Fire,3-day study streak,🔥,2026-03-14 11:01:44.749557
dfacac2a-d200-4909-ad3f-72d762008f88,70dfaa3a-aca7-4c13-9d84-8bdf076f012b,points_100,Centurion,Earned 100 XP,💯,2026-03-15 09:16:53.042207
ed2e4d2a-00bc-4994-8e8e-f3de79a61562,2a31abfc-d994-4da0-9bb7-ad35d3757a94,points_100,Centurion,Earned 100 XP,💯,2026-03-15 09:53:01.94911
58762695-dac0-4c14-b1b3-1f84333ff578,13f64334-b200-47a3-a85a-4f833920c622,points_100,Centurion,Earned 100 XP,💯,2026-03-15 14:37:03.688619
07483eba-1a95-4c58-8c4a-df078e344d15,1cc9d54a-1a70-487c-8c10-627dc63d5029,points_100,Centurion,Earned 100 XP,💯,2026-03-15 21:17:14.49411
cc90f92a-d501-4fe0-93e9-fc4e59ee4416,097c34ff-70f5-49de-81bd-048020a540b4,points_100,Centurion,Earned 100 XP,💯,2026-03-16 04:27:38.071042
10504910-4bde-4e33-994a-9a087c177b68,fd64b19f-5ac6-42fc-bf09-3418f2dcd3a7,first_quiz,Quiz Rookie,Completed your first quiz,🎯,2026-03-16 13:03:33.537635
20307baa-e9aa-46b7-aba9-5cdd5500a083,694bf5ac-a336-4d3b-9bfb-122692d83f86,first_quiz,Quiz Rookie,Completed your first quiz,🎯,2026-03-16 13:07:58.829243
6bfe7004-8df0-40f9-b434-671de17a17af,694bf5ac-a336-4d3b-9bfb-122692d83f86,points_100,Centurion,Earned 100 XP,💯,2026-03-16 13:39:28.968451
65d2b730-677c-4cb5-830e-5d476fa353c2,694bf5ac-a336-4d3b-9bfb-122692d83f86,points_500,XP Master,Earned 500 XP,⭐,2026-03-16 17:07:03.357896
7d05dba6-14db-478e-a94b-9bf7cdbc0c68,ab81d198-7d0b-40d7-aad9-bf2da113c33f,points_100,Centurion,Earned 100 XP,💯,2026-03-16 17:12:27.240848
15d96563-b735-4cca-b067-6c38e9d46a22,e9d1472d-e202-4c86-ad6c-85b0d7407ea7,first_quiz,Quiz Rookie,Completed your first quiz,🎯,2026-03-16 17:41:03.661537
30e26396-6310-463b-a25c-a6a3d6b126e8,e9d1472d-e202-4c86-ad6c-85b0d7407ea7,points_100,Centurion,Earned 100 XP,💯,2026-03-16 17:51:18.890091
bee39192-541b-49a5-a321-dd9555d4670c,0e824e61-4d56-4252-8c43-00f6c734f95a,first_quiz,Quiz Rookie,Completed your first quiz,🎯,2026-03-17 14:20:33.333044
0faaf019-d3fd-4c91-8f5e-4f5123b900c0,ec78ccb2-2e47-4c1c-8e73-2fb53315bbca,points_100,Centurion,Earned 100 XP,💯,2026-03-17 14:46:52.822157
bf072261-60ef-48f5-b31a-a95eafd16553,22e2c37b-cc04-4f22-833f-91862a990be6,first_quiz,Quiz Rookie,Completed your first quiz,🎯,2026-03-17 15:31:34.469059
295540b0-fdca-421a-9fd3-72e969e5052e,49d5d25f-5243-4ede-92df-2bc031b57803,first_quiz,Quiz Rookie,Completed your first quiz,🎯,2026-03-17 16:57:04.118348
15a04e8f-a266-4569-aedd-8468e1a51c99,331cbd05-b072-44b4-afe2-2f9593c0408c,first_quiz,Quiz Rookie,Completed your first quiz,🎯,2026-03-18 06:28:16.853641
3a00d3af-e169-4faa-b4a7-9334ca5a94ce,22e2c37b-cc04-4f22-833f-91862a990be6,points_100,Centurion,Earned 100 XP,💯,2026-03-18 12:16:08.843433
ce1604da-8017-406c-b60c-5430caeb4f18,60f1f153-17f4-4ee3-9eeb-a72475e72ac5,points_100,Centurion,Earned 100 XP,💯,2026-03-18 12:32:11.490026
777e487a-103e-4ce5-822a-3e2e07c25e56,e43866cd-4d5d-400a-81ee-69fff884ea8a,points_100,Centurion,Earned 100 XP,💯,2026-03-18 13:23:53.319605
3721af3e-b4a4-4e02-8c17-5f1704e6b55f,af671e0c-534f-4cae-ace2-ed45be503aac,first_quiz,Quiz Rookie,Completed your first quiz,🎯,2026-03-18 14:04:20.233471
0cd64dbc-9576-4940-ad0f-9a3a7e2c2371,dae66086-05af-4c53-9bb0-b68d82239fe1,first_quiz,Quiz Rookie,Completed your first quiz,🎯,2026-03-18 14:10:09.090919
f30ccf75-39ef-4d59-8a94-1c91992f7ef0,ec78ccb2-2e47-4c1c-8e73-2fb53315bbca,streak_3,On Fire,3-day study streak,🔥,2026-03-18 15:45:49.361165
5209b6e2-df8d-4a90-bd08-f17c8967fd17,ab81d198-7d0b-40d7-aad9-bf2da113c33f,streak_3,On Fire,3-day study streak,🔥,2026-03-18 17:40:48.378332
b5c8c797-8a72-4242-abe8-8daf2c8357e2,977d0a6d-b441-4d36-939a-a6af1ce65c84,first_quiz,Quiz Rookie,Completed your first quiz,🎯,2026-03-18 17:56:44.690914
0ff6b236-01d7-4273-84d2-bd42680df44c,49a3fc2d-933d-47c5-9be9-6585830f146e,first_quiz,Quiz Rookie,Completed your first quiz,🎯,2026-03-19 06:28:27.434019
55f85f41-eaff-432d-8601-b1fe178bfbc8,1d8989db-4bde-4cc9-aa08-f4f996ec2c23,points_100,Centurion,Earned 100 XP,💯,2026-03-19 16:30:54.39932
a16419ad-ac2e-4449-b728-c754947dc699,e61e384a-d062-4a7c-bcb8-bd715febbb54,first_quiz,Quiz Rookie,Completed your first quiz,🎯,2026-03-19 18:23:14.32481
